<?xml version="1.0" encoding="UTF-8" standalone="yes"?>
<addon id="repository.Maximus Mexico" name="Maximus Addons Repositorio" version="1.0.3" provider-name="Maximus">
        <extension point="xbmc.addon.repository" name="Maximus Addons Repositorio">
                <info compressed="false">https://raw.githubusercontent.com/xbmex/ver/master/addons.xml</info>
                <checksum>https://raw.githubusercontent.com/xbmex/ver/master/addons.xml.md5</checksum>
                <datadir zip="true">https://github.com/xbmex/ver/master/</datadir>
        </extension>
        <extension point="xbmc.addon.metadata">
                <summary>Maximus Addons Repositorio</summary>
                <description>Los repositorios y add-ons recomendados por la Comunidad XBMC/KODI Mexico cualquier duda o comentario escribenos en facebook/comunidadxbmcmexico o a martin.13xx@gmail.com
apoya ala comunidad dejando tus comentarios y sugerencias
                </description>
                <platform>all</platform>
        </extension>
</addon>